<att:attivio xmlns:att="http://www.attivio.com/configuration" 
             xmlns:xsi="http://www.w3.org/2001/XMLSchema-instance" 
             xmlns:f="http://www.attivio.com/configuration/features/core"
             xsi:schemaLocation="http://www.attivio.com/configuration http://www.attivio.com/configuration/attivio-config.xsd
                                 http://www.attivio.com/configuration/features/core http://www.attivio.com/configuration/features/coreFeatures.xsd">

  <imports>
    <import resource="GenericQTJ_5.5.1/beans.xml" type="spring"/>
  </imports>
  
  <configuration>
    <environment-properties>
      <file-properties location="GenericQTJ_5.5.1/GenericQTJ_5.5.1.properties"/>
    </environment-properties>    
  </configuration>
    
  <components>
    <component name="sample1" class="com.attivio.GenericQTJ_5.5.1.SampleFieldValueCreatingTransformer">
      <properties>
      </properties>
    </component>
  </components>
  
</att:attivio>
